<settings xmlns="http://maven.apache.org/SETTINGS/1.0.0" xmlns:xsi="http://www.w3.org/2001/XMLSchema-instance" xsi:schemaLocation="http://maven.apache.org/SETTINGS/1.0.0 http://maven.apache.org/xsd/settings-1.0.0.xsd">
  <servers>
    <server>
      <username>${env.MVN_DEPLOY_USERNAME}</username>
      <password>${env.MVN_DEPLOY_PASSWORD}</password>
      <id>central</id>
    </server>
  </servers>
  <profiles>
    <profile>
      <repositories>
        <repository>
          <snapshots>
            <enabled>false</enabled>
          </snapshots>
          <id>central</id>
          <name>tsal-maven-local</name>
          <url>https://na.artifactory.swg-devops.com/artifactory/tsal-maven-local</url>
        </repository>
        <repository>
          <snapshots>
            <enabled>false</enabled>
          </snapshots>
          <id>maven-central</id>
          <name>maven-central</name>
          <url>https://repo1.maven.org/maven2/</url>
        </repository>
      </repositories>
      <id>artifactory</id>
    </profile>
  </profiles>
  <activeProfiles>
    <activeProfile>artifactory</activeProfile>
  </activeProfiles>
</settings>
