<?xml version="1.0" encoding="UTF-8"?>
<project xmlns="http://maven.apache.org/POM/4.0.0" xmlns:xsi="http://www.w3.org/2001/XMLSchema-instance" xsi:schemaLocation="http://maven.apache.org/POM/4.0.0 http://maven.apache.org/maven-v4_0_0.xsd">
  <parent>
    <artifactId>time-series-assembly-parent</artifactId>
    <groupId>com.ibm.research.time-series</groupId>
    <version>2.0.5</version>
  </parent>
  <modelVersion>4.0.0</modelVersion>
  <artifactId>time-series-assembly-iae</artifactId>
  <name>Time Series IAE Build</name>
  <version>2.0.5</version>
  <build>
    <plugins>
      <plugin>
        <artifactId>maven-compiler-plugin</artifactId>
        <version>3.3</version>
        <configuration>
          <source>1.8</source>
          <target>1.8</target>
        </configuration>
      </plugin>
      <plugin>
        <artifactId>maven-jar-plugin</artifactId>
        <version>2.4</version>
        <executions>
          <execution>
            <goals>
              <goal>test-jar</goal>
            </goals>
          </execution>
        </executions>
      </plugin>
      <plugin>
        <artifactId>maven-assembly-plugin</artifactId>
        <executions>
          <execution>
            <phase>package</phase>
            <goals>
              <goal>single</goal>
            </goals>
          </execution>
        </executions>
        <configuration>
          <descriptorRefs>
            <descriptorRef>jar-with-dependencies</descriptorRef>
          </descriptorRefs>
        </configuration>
      </plugin>
      <plugin>
        <artifactId>maven-shade-plugin</artifactId>
        <version>2.4.3</version>
        <executions>
          <execution>
            <phase>package</phase>
            <goals>
              <goal>shade</goal>
            </goals>
            <configuration>
              <artifactSet>
                <excludes>
                  <exclude>com.github.wendykierp:JTransforms</exclude>
                  <exclude>org.apache.commons:commons-math3</exclude>
                  <exclude>org.apache.commons:commons-math</exclude>
                  <exclude>org.jpmml:*</exclude>
                  <exclude>commons-lang:commons-lang</exclude>
                  <exclude>joda-time:joda-time</exclude>
                </excludes>
              </artifactSet>
            </configuration>
          </execution>
        </executions>
      </plugin>
    </plugins>
  </build>
  <repositories>
    <repository>
      <id>Sonatype Repository</id>
      <name>Sonatype Repository</name>
      <url>https://oss.sonatype.org/content/repositories/releases/</url>
    </repository>
  </repositories>
  <dependencies>
    <dependency>
      <groupId>org.codehaus.jackson</groupId>
      <artifactId>jackson-mapper-asl</artifactId>
      <version>1.9.13</version>
      <scope>provided</scope>
      <exclusions>
        <exclusion>
          <artifactId>jackson-core-asl</artifactId>
          <groupId>org.codehaus.jackson</groupId>
        </exclusion>
      </exclusions>
    </dependency>
    <dependency>
      <groupId>junit</groupId>
      <artifactId>junit</artifactId>
      <version>4.12</version>
      <scope>test</scope>
      <exclusions>
        <exclusion>
          <artifactId>hamcrest-core</artifactId>
          <groupId>org.hamcrest</groupId>
        </exclusion>
      </exclusions>
    </dependency>
    <dependency>
      <groupId>log4j</groupId>
      <artifactId>log4j</artifactId>
      <version>1.2.14</version>
      <scope>provided</scope>
    </dependency>
    <dependency>
      <groupId>commons-io</groupId>
      <artifactId>commons-io</artifactId>
      <version>2.5</version>
      <scope>provided</scope>
    </dependency>
    <dependency>
      <groupId>org.scalatest</groupId>
      <artifactId>scalatest_2.11</artifactId>
      <version>3.0.0</version>
      <scope>provided</scope>
      <exclusions>
        <exclusion>
          <artifactId>scalactic_2.11</artifactId>
          <groupId>org.scalactic</groupId>
        </exclusion>
        <exclusion>
          <artifactId>scala-reflect</artifactId>
          <groupId>org.scala-lang</groupId>
        </exclusion>
        <exclusion>
          <artifactId>scala-xml_2.11</artifactId>
          <groupId>org.scala-lang.modules</groupId>
        </exclusion>
        <exclusion>
          <artifactId>scala-parser-combinators_2.11</artifactId>
          <groupId>org.scala-lang.modules</groupId>
        </exclusion>
      </exclusions>
    </dependency>
    <dependency>
      <groupId>org.scala-lang</groupId>
      <artifactId>scala-library</artifactId>
      <version>2.11.5</version>
      <scope>provided</scope>
    </dependency>
  </dependencies>
</project>

